name,url,category,kind,note
Bryan Kelly,https://www.bryankellyacademic.org/,factors,personal,
Dacheng Xiu,https://dachxiu.chicagobooth.edu/,factors,personal,
Stefano Giglio,https://stefanogiglio.org/,factors,personal,
Serhiy Kozak,https://serhiykozak.com/,factors,personal,
Stefan Nagel,https://voices.uchicago.edu/stefannagel/,factors,personal,
Ralph Koijen,http://www.koijen.net/,factors,personal,
Jules van Binsbergen,https://sites.google.com/view/jules-van-binsbergen/,factors,personal,
Markus Pelger,https://mpelger.people.stanford.edu/,factors,profile,
Andreas Neuhierl,https://aneuhierl.github.io/,factors,personal,
Christopher Polk,https://personal.lse.ac.uk/polk/,factors,personal,
Shihao Gu,https://scholar.google.com/citations?user=IcNLCJcAAAAJ,factors,skip,google scholar - scraping prohibited
Guanhao Feng,https://gavinfeng702.com/,factors,personal,
Doron Avramov,https://www.runi.ac.il/en/faculty/davramov,factors,profile,
Zhiguo He,https://zhiguohe.net/,factors,personal,
Kewei Hou,https://fisher.osu.edu/people/hou.28,qfactor,profile,
Lu Zhang,https://theinvestmentcapm.com/,qfactor,personal,
Robert Novy-Marx,https://rnm.simon.rochester.edu/,qfactor,personal,
Campbell Harvey,http://people.duke.edu/~charvey/,qfactor,personal,
Andrew Y. Chen,https://sites.google.com/site/chenandrewy/,qfactor,personal,
Kent Daniel,https://www.kentdaniel.net/,qfactor,personal,
Andrea Frazzini,https://www.aqr.com/Insights/Research,practitioner,firm,
Antti Ilmanen,https://www.aqr.com/Insights/Research,practitioner,firm,
Lasse Heje Pedersen,https://www.lhpedersen.com/,practitioner,personal,
David Blitz,https://www.robeco.com/en-int/insights,practitioner,firm,
Guido Baltussen,https://personal.eur.nl/baltussen/,practitioner,personal,
Pim van Vliet,https://www.robeco.com/en-int/insights,practitioner,firm,
Rob Arnott,https://www.researchaffiliates.com/publications,practitioner,firm,
Nick Baltas,https://imperial.academia.edu/NickBaltas,practitioner,skip,academia.edu - login walled
Marcos Lopez de Prado,https://quantresearch.org/,practitioner,personal,
Tim Bollerslev,https://public.econ.duke.edu/~boller/,volatility,personal,
Torben Andersen,https://www.kellogg.northwestern.edu/academics-research/faculty/andersen_torben/,volatility,profile,
Peter Carr,https://engineering.nyu.edu/peter-carr,volatility,profile,
Grigory Vilkov,https://www.vilkov.net/,volatility,personal,
Ian Dew-Becker,https://www.dew-becker.org/,volatility,personal,
Hanno Lustig,https://gsb-faculty.stanford.edu/hanno-lustig/,macro,profile,
Monika Piazzesi,https://web.stanford.edu/~piazzesi/,macro,personal,
Anna Cieslak,https://sites.google.com/site/ancieslak/,macro,personal,
Sydney Ludvigson,https://www.sydneyludvigson.com/,macro,personal,
Barbara Rossi,https://barbararossi.eu,macro,personal,
Francis X. Diebold,https://www.sas.upenn.edu/~fdiebold/,macro,personal,
Allan Timmermann,https://rady.ucsd.edu/faculty-research/faculty/allan-timmermann.html,econometrics,profile,
Andrew Patton,https://public.econ.duke.edu/~ap172/,econometrics,personal,
Gary Koop,https://sites.google.com/site/garykoop/,econometrics,personal,
Dimitris Korobilis,https://sites.google.com/site/dimitriskorobilis/,econometrics,personal,
Victor DeMiguel,https://sites.google.com/view/victor-demiguel,econometrics,personal,
Albert Menkveld,https://albertjmenkveld.com/,microstructure,personal,
Terrence Hendershott,https://faculty.haas.berkeley.edu/hender/,microstructure,personal,
David Hirshleifer,http://sites.uci.edu/dhirshle/,behavioural,personal,
Nicholas Barberis,https://nicholasbarberis.github.io/,behavioural,personal,
Kelly Shue,https://sites.google.com/site/kellyshue/,behavioural,personal,
Robin Greenwood,https://www.hbs.edu/faculty/Pages/profile.aspx?facId=136446,behavioural,profile,
Tobias Moskowitz,https://faculty.som.yale.edu/tobymoskowitz/,other,profile,
Semyon Malamud,https://people.epfl.ch/semyon.malamud,other,profile,
Stephen A. Ross,https://en.wikipedia.org/wiki/Stephen_Ross_(economist),promoted,skip,"deceased 2017, wikipedia only"
John Y. Campbell,https://campbell.scholars.harvard.edu/,promoted,personal,
Ravi Bansal,https://sites.google.com/view/ravibansal/home,promoted,personal,
Andrei Shleifer,https://www.economics.harvard.edu/people/andrei-shleifer,promoted,profile,
Wenxin Du,https://sites.google.com/site/wenxindu/,fx_basis,personal,
Adrien Verdelhan,https://web.mit.edu/adrienv/www/,fx_basis,personal,
Craig Burnside,https://people.duke.edu/~acb8/Burnside/Home.html,fx_basis,personal,
Robert J. Hodrick,https://business.columbia.edu/faculty/people/robert-hodrick,fx_basis,profile,
Arvind Krishnamurthy,https://people.stanford.edu/akris/,convenience_yield,profile,
Zhengyang Jiang,https://sites.google.com/site/jayzedwye/,convenience_yield,personal,
Matteo Maggiori,https://www.matteomaggiori.com/,convenience_yield,personal,
Pierre-Olivier Gourinchas,https://sites.google.com/view/pgourinchas/home,convenience_yield,personal,
Jonathan Wright,https://econ.jhu.edu/directory/jonathan-wright/,term_structure,profile,
Michael Bauer,https://www.michaeldbauer.com/,term_structure,personal,
Greg Duffee,http://www.econ2.jhu.edu/people/duffee/,term_structure,personal,
Brian Hurst,https://www.aqr.com/Insights/Research,trend_following,firm,
Yao Hua Ooi,https://scholar.google.com/citations?user=-zheQv4AAAAJ,trend_following,skip,google scholar - scraping prohibited
Kathryn Kaminski,https://www.alphasimplex.com/insights/,trend_following,firm,
Helene Rey,https://www.london.edu/faculty-and-research/faculty-profiles/r/rey-h,global_financial_cycle,profile,
Gita Gopinath,https://gitagopinath.github.io/,global_financial_cycle,personal,
Ray Dalio,https://www.bridgewater.com/research-and-insights,practitioner_macro,firm,
Bob Prince,https://www.bridgewater.com/research-and-insights,practitioner_macro,firm,
Cliff Asness,https://www.aqr.com/Insights/Research,practitioner_macro,firm,
Bob Litterman,https://www.keposcapital.com/,practitioner_macro,skip,"firm site shared with Carhart, no research library"
Mark Carhart,https://www.keposcapital.com/,practitioner_macro,skip,"firm site shared with Litterman, no research library"
David Harding,https://www.winton.com/leaders/david-harding,practitioner_macro,skip,winton.com/research is 404
Leda Braga,https://www.systematica.com/our-firm,practitioner_macro,skip,"firm site, no research library found"
Jean-Philippe Bouchaud,https://www.econophysix.com/publications,practitioner_macro,firm,
Zoltan Pozsar,https://exunoplures.hu/people,practitioner_macro,skip,"firm site, no research library found"
